SampleID	SampleName	AlignedFrags	Cluster1	Cluster2	Cluster3	Cluster4	ClusterCenterDist
001	Capnocytophaga_gingivalis----GCF_002302415.1_dnone_cov4_440_sorted_md_classic_n319570	319570	1.0	0.0	0.0	0.0	0.8261
002	Porphyromonas----3300008159_22_dnone_cov4_752_sorted_md_classic_n319063	319063	1.0	0.0	0.0	0.0	0.7797
003	Nanosynbacter_sp900556885----GCA_900556885.1_dnone_cov4_114_sorted_md_classic_n319468	319468	1.0	0.0	0.0	0.0	0.1759
004	Campylobacter_A_showae_B----GCF_000344295.2_dnone_cov4_952_sorted_md_classic_n319530	319530	1.0	0.0	0.0	0.0	0.1414
005	Capnocytophaga----3300007135_4_dnone_cov4_736_sorted_md_classic_n319603	319603	1.0	0.0	0.0	0.0	0.1322
006	JABCPE02----3300008700_13_dnone_cov4_445_sorted_md_classic_n319760	319760	1.0	0.0	0.0	0.0	0.4022
007	Gemella_morbillorum----GCA_015255305.1_dnone_cov4_978_sorted_md_classic_n319836	319836	1.0	0.0	0.0	0.0	0.3373
008	Johnsonella_ignava----GCF_000235445.1_dnone_cov4_222_sorted_md_classic_n319577	319577	1.0	0.0	0.0	0.0	0.247
009	Granulicatella----3300008155_16_dnone_cov4_934_sorted_md_classic_n319139	319139	1.0	0.0	0.0	0.0	0.7205
010	Caudoviricetes_vOTU_02822916----IMGVR_UViG_3300013744_000001_dnone_cov4_343_sorted_md_classic_n319154	319154	1.0	0.0	0.0	0.0	0.3302
011	JACPRY01----3300027561_4_dnone_cov4_415_sorted_md_classic_n318632	318632	1.0	0.0	0.0	0.0	0.4744
012	HOT_345_sp013333605----3300006522_21_dnone_cov4_57_sorted_md_classic_n319642	319642	1.0	0.0	0.0	0.0	0.35
013	Capnocytophaga----3300008150_32_dnone_cov4_379_sorted_md_classic_n319420	319420	1.0	0.0	0.0	0.0	0.1988
014	JABCPE02_sp013333875----3300008565_11_dnone_cov4_539_sorted_md_classic_n319341	319341	1.0	0.0	0.0	0.0	0.5424
015	Methanobrevibacter_olleyae----GCF_900114585.1_dnone_cov4_958_sorted_md_classic_n319586	319586	1.0	0.0	0.0	0.0	0.6573
016	Caudoviricetes_vOTU_02823402----IMGVR_UViG_3300013753_000002_dnone_cov4_538_sorted_md_classic_n319481	319481	1.0	0.0	0.0	0.0	0.4953
017	Mogibacterium_pumilum----GCF_002243385.1_dnone_cov4_499_sorted_md_classic_n319503	319503	1.0	0.0	0.0	0.0	0.522
018	Cutibacterium_granulosum----GCA_000477715.1_dnone_cov4_772_sorted_md_classic_n318843	318843	1.0	0.0	0.0	0.0	0.6208
019	Caudoviricetes_vOTU_01955260----IMGVR_UViG_3300008688_000003_dnone_cov4_915_sorted_md_classic_n317953	317953	1.0	0.0	0.0	0.0	0.4076
020	Neisseria_mucosa_A----GCF_001063455.1_dnone_cov4_839_sorted_md_classic_n319700	319700	1.0	0.0	0.0	0.0	0.7847
021	F0058_sp905372135----GCA_905372135.1_dnone_cov4_708_sorted_md_classic_n319073	319073	1.0	0.0	0.0	0.0	0.4524
022	Gemella_morbillorum----GCA_015255285.1_dnone_cov4_952_sorted_md_classic_n319796	319796	1.0	0.0	0.0	0.0	0.1693
023	Cardiobacterium_valvarum----GCF_902388165.1_dnone_cov4_134_sorted_md_classic_n318576	318576	1.0	0.0	0.0	0.0	0.3188
024	Eikenella_corrodens----3300008638_25_dnone_cov4_232_sorted_md_classic_n319353	319353	1.0	0.0	0.0	0.0	0.7594
025	Capnocytophaga----3300007500_13_dnone_cov4_275_sorted_md_classic_n319554	319554	1.0	0.0	0.0	0.0	0.0954
026	Prevotella_loescheii----3300008486_7_dnone_cov4_766_sorted_md_classic_n319659	319659	1.0	0.0	0.0	0.0	0.4705
027	Neisseria_mucosa_A----GCF_007667125.1_dnone_cov4_701_sorted_md_classic_n319183	319183	1.0	0.0	0.0	0.0	0.8721
028	Selenomonas_sputigena----GCF_000208405.1_dnone_cov4_955_sorted_md_classic_n318765	318765	1.0	0.0	0.0	0.0	0.3181
029	Campylobacter_A_showae_A----GCF_000313615.1_dnone_cov4_831_sorted_md_classic_n319647	319647	1.0	0.0	0.0	0.0	0.617
030	Campylobacter_A_showae_D----GCF_900699785.1_dnone_cov4_381_sorted_md_classic_n319513	319513	1.0	0.0	0.0	0.0	0.2593
031	Caudoviricetes_vOTU_02625324----IMGVR_UViG_3300045988_120546_dnone_cov4_250_sorted_md_classic_n319563	319563	1.0	0.0	0.0	0.0	0.5626
032	Corynebacterium_durum----3300007525_3_dnone_cov4_310_sorted_md_classic_n319225	319225	1.0	0.0	0.0	0.0	0.3836
033	Peptoanaerobacter----3300011925_4_dnone_cov4_313_sorted_md_classic_n319685	319685	1.0	0.0	0.0	0.0	0.3355
034	Johnsonella_sp900766185----GCA_900766185.1_dnone_cov4_276_sorted_md_classic_n319493	319493	1.0	0.0	0.0	0.0	0.4282
035	Capnocytophaga_gingivalis----3300007794_5_dnone_cov4_864_sorted_md_classic_n319550	319550	1.0	0.0	0.0	0.0	0.6869
036	Nanosynbacter----3300007500_39_dnone_cov4_146_sorted_md_classic_n319102	319102	1.0	0.0	0.0	0.0	0.2172
037	Campylobacter_B----3300029201_11_dnone_cov4_593_sorted_md_classic_n319468	319468	1.0	0.0	0.0	0.0	0.3447
038	Eikenella_corrodens_B----GCF_003990355.1_dnone_cov4_952_sorted_md_classic_n319180	319180	1.0	0.0	0.0	0.0	0.2369
039	Streptococcus_sp002355895----GCF_002355895.1_dnone_cov4_369_sorted_md_classic_n319523	319523	1.0	0.0	0.0	0.0	0.2857
040	Desulfomicrobium_orale----3300011990_9_dnone_cov4_965_sorted_md_classic_n318752	318752	1.0	0.0	0.0	0.0	0.7474
041	Porphyromonas_catoniae----3300008160_9_dnone_cov4_967_sorted_md_classic_n319458	319458	1.0	0.0	0.0	0.0	0.512
042	Streptococcus_oralis_BD----GCA_905373055.1_dnone_cov4_726_sorted_md_classic_n319363	319363	1.0	0.0	0.0	0.0	0.3396
043	Streptococcus_sanguinis_H----GCF_003943715.1_dnone_cov4_297_sorted_md_classic_n319429	319429	1.0	0.0	0.0	0.0	0.5667
044	Eikenella----3300007124_35_dnone_cov4_597_sorted_md_classic_n318820	318820	1.0	0.0	0.0	0.0	0.2197
045	Fusobacterium_hwasookii----GCF_000455905.1_dnone_cov4_690_sorted_md_classic_n319765	319765	1.0	0.0	0.0	0.0	0.4078
046	Caudoviricetes_vOTU_00687512----IMGVR_UViG_3300007940_000002_dnone_cov4_343_sorted_md_classic_n319772	319772	1.0	0.0	0.0	0.0	0.354
047	Actinomyces_oris----GCA_002860635.1_dnone_cov4_844_sorted_md_classic_n317568	317568	1.0	0.0	0.0	0.0	0.3216
048	Saccharimonas----3300007500_34_dnone_cov4_927_sorted_md_classic_n318907	318907	1.0	0.0	0.0	0.0	0.6194
049	Lachnoanaerobaculum_sp000209465----GCA_000209465.1_dnone_cov4_418_sorted_md_classic_n319703	319703	1.0	0.0	0.0	0.0	0.3597
050	Saccharimonas_sp013333625----3300007646_39_dnone_cov4_712_sorted_md_classic_n319161	319161	1.0	0.0	0.0	0.0	0.3132
051	Saccharimonas_sp905372275----GCA_905372275.1_dnone_cov4_417_sorted_md_classic_n318856	318856	1.0	0.0	0.0	0.0	0.4597
052	Nanoperiomorbus_sp905365345----GCA_905365345.1_dnone_cov4_302_sorted_md_classic_n319543	319543	1.0	0.0	0.0	0.0	0.8064
053	Eikenella_exigua----GCF_001648505.1_dnone_cov4_189_sorted_md_classic_n319391	319391	1.0	0.0	0.0	0.0	0.3225
054	Arachnia----3300008682_3_dnone_cov4_754_sorted_md_classic_n318901	318901	1.0	0.0	0.0	0.0	0.1975
055	Fusobacterium_periodonticum----GCF_000160475.1_dnone_cov4_205_sorted_md_classic_n319789	319789	1.0	0.0	0.0	0.0	0.105
056	Capnocytophaga----3300008638_6_dnone_cov4_486_sorted_md_classic_n319566	319566	1.0	0.0	0.0	0.0	0.1448
057	Streptococcus_sp000235485----GCF_000235485.1_dnone_cov4_596_sorted_md_classic_n319774	319774	1.0	0.0	0.0	0.0	0.7
058	Tannerella_forsythia----3300008139_5_dnone_cov4_956_sorted_md_classic_n319259	319259	1.0	0.0	0.0	0.0	0.4685
059	Corynebacterium_matruchotii----3300029201_8_dnone_cov4_882_sorted_md_classic_n318802	318802	1.0	0.0	0.0	0.0	0.6215
060	Campylobacter_A_sp014253065----GCF_014253065.1_dnone_cov4_679_sorted_md_classic_n319525	319525	1.0	0.0	0.0	0.0	0.2357
061	CAJPQU01_sp905372875----GCA_905372875.1_dnone_cov4_466_sorted_md_classic_n318443	318443	1.0	0.0	0.0	0.0	0.4651
062	Eubacterium_N_saphenum----GCA_000161975.1_dnone_cov4_645_sorted_md_classic_n319549	319549	1.0	0.0	0.0	0.0	0.8538
063	Peptoanaerobacter_yurii----3300008650_8_dnone_cov4_838_sorted_md_classic_n319793	319793	1.0	0.0	0.0	0.0	0.3055
064	Streptococcus_pseudopneumoniae_J----GCF_001074565.1_dnone_cov4_81_sorted_md_classic_n319532	319532	1.0	0.0	0.0	0.0	0.0888
065	Caudoviricetes_vOTU_05046998----IMGVR_UViG_3300029109_000005_dnone_cov4_143_sorted_md_classic_n317212	317212	1.0	0.0	0.0	0.0	0.4786
066	Pauljensenia_georgiae----GCF_000429245.1_dnone_cov4_765_sorted_md_classic_n317605	317605	1.0	0.0	0.0	0.0	0.352
067	Eikenella_corrodens----GCF_001648245.1_dnone_cov4_216_sorted_md_classic_n318206	318206	1.0	0.0	0.0	0.0	0.4842
068	Desulfomicrobium_orale----GCF_001553625.1_dnone_cov4_463_sorted_md_classic_n319489	319489	1.0	0.0	0.0	0.0	0.7268
069	H1_sp001653155----GCA_001653175.1_dnone_cov4_352_sorted_md_classic_n319649	319649	1.0	0.0	0.0	0.0	0.4915
070	Micrococcus_luteus----GCF_900163885.1_dnone_cov4_947_sorted_md_classic_n316569	316569	1.0	0.0	0.0	0.0	0.4077
071	Capnocytophaga_sp002999135----GCF_002999135.1_dnone_cov4_781_sorted_md_classic_n319562	319562	1.0	0.0	0.0	0.0	0.1555
072	Caudoviricetes_vOTU_08492884----IMGVR_UViG_3300007314_000230_dnone_cov4_444_sorted_md_classic_n319631	319631	1.0	0.0	0.0	0.0	0.5376
073	Saccharimonas_sp905372095----3300011974_41_dnone_cov4_552_sorted_md_classic_n319266	319266	1.0	0.0	0.0	0.0	0.5902
074	Fusobacterium_canifelinum----GCF_003859915.1_dnone_cov4_235_sorted_md_classic_n319872	319872	1.0	0.0	0.0	0.0	0.5309
075	Veillonella_parvula----3300029003_5_dnone_cov4_384_sorted_md_classic_n319830	319830	1.0	0.0	0.0	0.0	0.8777
076	Cardiobacterium----3300014026_25_dnone_cov4_260_sorted_md_classic_n319504	319504	1.0	0.0	0.0	0.0	0.6562
077	Catonella_morbi----3300008650_4_dnone_cov4_677_sorted_md_classic_n319808	319808	1.0	0.0	0.0	0.0	0.592
078	Veillonella_parvula_A----GCF_001553335.1_dnone_cov4_499_sorted_md_classic_n319519	319519	1.0	0.0	0.0	0.0	0.5514
079	Palsa_1315_sp005887945----GCA_005887945.1_dnone_cov4_483_sorted_md_classic_n319641	319641	1.0	0.0	0.0	0.0	0.8878
080	Neisseria_elongata----GCF_003044725.1_dnone_cov4_417_sorted_md_classic_n318426	318426	1.0	0.0	0.0	0.0	0.4446
081	Saccharimonas_sp010202265----3300007368_40_dnone_cov4_872_sorted_md_classic_n319550	319550	1.0	0.0	0.0	0.0	0.4575
082	Nanosynbacter_sp010202845----GCA_010202845.1_dnone_cov4_904_sorted_md_classic_n318997	318997	1.0	0.0	0.0	0.0	0.5192
083	Streptococcus_sinensis----GCF_000767835.1_dnone_cov4_859_sorted_md_classic_n319439	319439	1.0	0.0	0.0	0.0	0.3259
084	HOT_345_sp003260355----3300011980_33_dnone_cov4_457_sorted_md_classic_n319839	319839	1.0	0.0	0.0	0.0	0.8517
085	Lautropia_mirabilis----3300007732_2_dnone_cov4_221_sorted_md_classic_n319409	319409	1.0	0.0	0.0	0.0	0.6715
086	Capnocytophaga----3300007925_18_dnone_cov4_685_sorted_md_classic_n319779	319779	1.0	0.0	0.0	0.0	0.1667
087	Saccharimonas_sp013333795----GCA_905371785.1_dnone_cov4_599_sorted_md_classic_n318939	318939	1.0	0.0	0.0	0.0	0.4338
088	Nanoperiomorbus----3300011985_43_dnone_cov4_280_sorted_md_classic_n319446	319446	1.0	0.0	0.0	0.0	0.795
089	Capnocytophaga_sputigena----GCF_002302495.1_dnone_cov4_503_sorted_md_classic_n319721	319721	1.0	0.0	0.0	0.0	0.3857
090	Porphyromonas_catoniae----3300007732_16_dnone_cov4_483_sorted_md_classic_n319703	319703	1.0	0.0	0.0	0.0	0.8761
091	JABCPE02_sp013333875----3300007347_9_dnone_cov4_869_sorted_md_classic_n319840	319840	1.0	0.0	0.0	0.0	0.8018
092	Abiotrophia_sp001815865----GCF_001815865.1_dnone_cov4_159_sorted_md_classic_n318637	318637	1.0	0.0	0.0	0.0	0.572
093	Nanosynbacter_sp005697215----GCA_905373505.1_dnone_cov4_65_sorted_md_classic_n318969	318969	1.0	0.0	0.0	0.0	0.2187
094	Streptococcus_cristatus_C----GCF_001589115.1_dnone_cov4_442_sorted_md_classic_n319391	319391	1.0	0.0	0.0	0.0	0.2097
095	Saccharimonas_sp013333625----3300008454_35_dnone_cov4_890_sorted_md_classic_n319073	319073	1.0	0.0	0.0	0.0	0.3564
096	Nanosynbacter_sp905373315----3300006498_46_dnone_cov4_822_sorted_md_classic_n319410	319410	1.0	0.0	0.0	0.0	0.702
097	Arachnia_sp900607225----GCF_900607225.1_dnone_cov4_979_sorted_md_classic_n319203	319203	1.0	0.0	0.0	0.0	0.5573
098	Arachnia_sp905372155----3300006322_3_dnone_cov4_312_sorted_md_classic_n317168	317168	1.0	0.0	0.0	0.0	0.4746
099	Actinomyces_dentalis----GCF_000429225.1_dnone_cov4_790_sorted_md_classic_n318250	318250	1.0	0.0	0.0	0.0	0.3713
100	Arachnia_propionica----GCF_018128365.1_dnone_cov4_405_sorted_md_classic_n318682	318682	1.0	0.0	0.0	0.0	0.5376
101	Treponema_D_buccale----3300007527_7_dnone_cov4_137_sorted_md_classic_n319314	319314	1.0	0.0	0.0	0.0	0.6344
102	Streptococcus_gordonii----3300011928_5_dnone_cov4_184_sorted_md_classic_n319336	319336	1.0	0.0	0.0	0.0	0.4408
103	Streptococcus_sp902460355----GCF_902460355.1_dnone_cov4_858_sorted_md_classic_n319325	319325	1.0	0.0	0.0	0.0	0.3731
104	Corynebacterium----3300011925_6_dnone_cov4_117_sorted_md_classic_n319597	319597	1.0	0.0	0.0	0.0	0.8235
105	Pauljensenia_cardiffensis----GCF_016405145.1_dnone_cov4_306_sorted_md_classic_n319157	319157	1.0	0.0	0.0	0.0	0.3903
106	Nanosynbacter_sp905372835----GCA_905372835.1_dnone_cov4_654_sorted_md_classic_n319049	319049	1.0	0.0	0.0	0.0	0.4774
107	Abiotrophia_sp001815865----3300008082_9_dnone_cov4_264_sorted_md_classic_n319109	319109	1.0	0.0	0.0	0.0	0.3455
108	Fusobacterium_hwasookii----GCF_001455145.1_dnone_cov4_281_sorted_md_classic_n319653	319653	1.0	0.0	0.0	0.0	0.5935
109	Nanosynbacter_sp010202645----GCA_010202645.1_dnone_cov4_776_sorted_md_classic_n319186	319186	1.0	0.0	0.0	0.0	0.4255
110	Parvimonas_sp015257355----3300006328_11_dnone_cov4_96_sorted_md_classic_n319858	319858	1.0	0.0	0.0	0.0	0.361
111	RUG721_sp004010535----GCA_004010535.1_dnone_cov4_198_sorted_md_classic_n318496	318496	1.0	0.0	0.0	0.0	0.744
112	Pauljensenia_hongkongensis----GCA_000186685.1_dnone_cov4_835_sorted_md_classic_n318458	318458	1.0	0.0	0.0	0.0	0.2062
113	Nanosynbacter----3300008150_66_dnone_cov4_95_sorted_md_classic_n319285	319285	1.0	0.0	0.0	0.0	0.2456
114	Caudoviricetes_vOTU_01948966----IMGVR_UViG_3300008635_000001_dnone_cov4_107_sorted_md_classic_n319737	319737	1.0	0.0	0.0	0.0	0.3248
115	CAG_74----3300013750_1_dnone_cov4_761_sorted_md_classic_n319242	319242	1.0	0.0	0.0	0.0	0.3909
116	Porphyromonas_catoniae----3300007925_24_dnone_cov4_568_sorted_md_classic_n319621	319621	1.0	0.0	0.0	0.0	0.6703
117	JABCPE02----3300007500_21_dnone_cov4_945_sorted_md_classic_n319192	319192	1.0	0.0	0.0	0.0	0.7093
118	Methanobrevibacter_A----3300013744_1_dnone_cov4_457_sorted_md_classic_n319869	319869	1.0	0.0	0.0	0.0	0.9019
119	Fusobacterium----3300008483_6_dnone_cov4_318_sorted_md_classic_n319704	319704	1.0	0.0	0.0	0.0	0.5302
120	Streptococcus_sanguinis----3300008160_11_dnone_cov4_682_sorted_md_classic_n319795	319795	1.0	0.0	0.0	0.0	1.0
121	Caudoviricetes_vOTU_08494529----IMGVR_UViG_2512047071_000003_dnone_cov4_124_sorted_md_classic_n319660	319660	1.0	0.0	0.0	0.0	0.4644
122	Nanosynbacter_sp013099015----GCA_013099015.1_dnone_cov4_229_sorted_md_classic_n319130	319130	1.0	0.0	0.0	0.0	0.6326
123	Campylobacter_A----3300014026_15_dnone_cov4_799_sorted_md_classic_n318973	318973	1.0	0.0	0.0	0.0	0.4712
124	Streptococcus_oralis_O----GCF_001579175.1_dnone_cov4_607_sorted_md_classic_n319617	319617	1.0	0.0	0.0	0.0	0.6243
125	Johnsonella_sp900766185----3300006317_13_dnone_cov4_709_sorted_md_classic_n319774	319774	1.0	0.0	0.0	0.0	0.3673
126	Cutibacterium_acnes----GCF_002831725.1_dnone_cov4_727_sorted_md_classic_n319218	319218	1.0	0.0	0.0	0.0	0.6053
127	Hornefia_minuta----GCA_003433295.1_dnone_cov4_12_sorted_md_classic_n319684	319684	1.0	0.0	0.0	0.0	0.5302
128	W5053_sp000467935----GCA_905373735.1_dnone_cov4_199_sorted_md_classic_n319606	319606	1.0	0.0	0.0	0.0	0.4909
129	Capnocytophaga_sputigena----GCF_002302595.1_dnone_cov4_421_sorted_md_classic_n319247	319247	1.0	0.0	0.0	0.0	0.5156
130	Flexilinea_sp001717545----GCA_001717545.1_dnone_cov4_456_sorted_md_classic_n319072	319072	1.0	0.0	0.0	0.0	0.119
131	JABCPE02----3300007654_26_dnone_cov4_889_sorted_md_classic_n319601	319601	1.0	0.0	0.0	0.0	0.1636
132	Hornefia_nodata----GCA_000510425.1_dnone_cov4_598_sorted_md_classic_n319455	319455	1.0	0.0	0.0	0.0	0.4158
133	Capnocytophaga_sputigena----3300008403_2_dnone_cov4_387_sorted_md_classic_n319545	319545	1.0	0.0	0.0	0.0	0.1924
134	Treponema_C_sp905372025----GCA_905372025.1_dnone_cov4_932_sorted_md_classic_n319249	319249	1.0	0.0	0.0	0.0	0.1308
135	Nanoperiomorbus_sp013333515----GCA_013333515.2_dnone_cov4_564_sorted_md_classic_n319066	319066	1.0	0.0	0.0	0.0	0.2777
136	Nanosynbacter_sp013333695----GCA_013333695.2_dnone_cov4_775_sorted_md_classic_n318714	318714	1.0	0.0	0.0	0.0	0.482
137	Arachnia_sp905372155----3300009363_5_dnone_cov4_57_sorted_md_classic_n318483	318483	1.0	0.0	0.0	0.0	0.4192
138	Slackia_exigua----GCF_000162875.1_dnone_cov4_494_sorted_md_classic_n317137	317137	1.0	0.0	0.0	0.0	0.6278
139	Aggregatibacter_aphrophilus----GCF_900478265.1_dnone_cov4_869_sorted_md_classic_n319789	319789	1.0	0.0	0.0	0.0	0.8113
140	Neisseria_sicca_A----3300006253_12_dnone_cov4_11_sorted_md_classic_n318707	318707	1.0	0.0	0.0	0.0	0.3738
141	Fretibacterium_fastidiosum----GCA_905372005.1_dnone_cov4_548_sorted_md_classic_n318945	318945	1.0	0.0	0.0	0.0	0.4623
142	JABCPE02_sp013333255----3300008153_9_dnone_cov4_288_sorted_md_classic_n319160	319160	1.0	0.0	0.0	0.0	0.68
143	Peptoanaerobacter_yurii----3300006249_11_dnone_cov4_202_sorted_md_classic_n319824	319824	1.0	0.0	0.0	0.0	0.4671
144	JABCPE02_sp013333255----3300008123_28_dnone_cov4_659_sorted_md_classic_n319510	319510	1.0	0.0	0.0	0.0	0.2634
145	Treponema_D_paredis----GCF_014334835.1_dnone_cov4_509_sorted_md_classic_n319695	319695	1.0	0.0	0.0	0.0	0.5828
146	Neisseria_elongata----GCA_905372735.1_dnone_cov4_382_sorted_md_classic_n317813	317813	1.0	0.0	0.0	0.0	0.6122
147	Lautropia_mirabilis----3300007100_5_dnone_cov4_39_sorted_md_classic_n319006	319006	1.0	0.0	0.0	0.0	0.485
148	CAJPSE01_sp905373185----3300011976_20_dnone_cov4_866_sorted_md_classic_n319107	319107	1.0	0.0	0.0	0.0	0.6661
149	Caudoviricetes_vOTU_01861610----IMGVR_UViG_3300008159_000002_dnone_cov4_522_sorted_md_classic_n319898	319898	1.0	0.0	0.0	0.0	0.6252
150	JABCPE02_sp013333875----3300006292_25_dnone_cov4_68_sorted_md_classic_n319619	319619	1.0	0.0	0.0	0.0	0.3734
151	Streptococcus_cristatus_B----GCF_900478185.1_dnone_cov4_540_sorted_md_classic_n318976	318976	1.0	0.0	0.0	0.0	0.6442
152	Aggregatibacter_segnis----GCF_000185305.1_dnone_cov4_498_sorted_md_classic_n319004	319004	1.0	0.0	0.0	0.0	0.5713
153	Leptotrichia_A_sp001274535----GCF_001274535.1_dnone_cov4_775_sorted_md_classic_n319610	319610	1.0	0.0	0.0	0.0	0.4922
154	Aggregatibacter----3300006348_4_dnone_cov4_258_sorted_md_classic_n319359	319359	1.0	0.0	0.0	0.0	0.2302
155	Caudoviricetes_vOTU_01941048----IMGVR_UViG_3300008480_000001_dnone_cov4_114_sorted_md_classic_n319560	319560	1.0	0.0	0.0	0.0	0.2005
156	Leptotrichia_A_sp001274535----3300007997_11_dnone_cov4_835_sorted_md_classic_n319763	319763	1.0	0.0	0.0	0.0	0.169
157	Abiotrophia_sp001815865----3300008506_29_dnone_cov4_179_sorted_md_classic_n319454	319454	1.0	0.0	0.0	0.0	0.5394
158	Haemophilus_D_parainfluenzae----3300009393_7_dnone_cov4_612_sorted_md_classic_n319502	319502	1.0	0.0	0.0	0.0	0.186
159	Actinomyces_sp900323545----3300008059_1_dnone_cov4_150_sorted_md_classic_n318517	318517	1.0	0.0	0.0	0.0	0.6919
160	40CM_3_62_11_sp001914955----GCA_001914955.1_dnone_cov4_108_sorted_md_classic_n319194	319194	1.0	0.0	0.0	0.0	0.3899
161	Centipeda_noxia----3300009381_26_dnone_cov4_491_sorted_md_classic_n319153	319153	1.0	0.0	0.0	0.0	0.1392
162	CAJPPJ01_sp905372515----3300011974_80_dnone_cov4_120_sorted_md_classic_n319776	319776	1.0	0.0	0.0	0.0	0.4099
163	Kingella_A_denitrificans----GCF_900169325.1_dnone_cov4_616_sorted_md_classic_n318924	318924	1.0	0.0	0.0	0.0	0.7718
164	Lautropia_mirabilis----3300007121_16_dnone_cov4_719_sorted_md_classic_n318088	318088	1.0	0.0	0.0	0.0	0.3525
165	Corynebacterium_durum----3300008161_14_dnone_cov4_127_sorted_md_classic_n318281	318281	1.0	0.0	0.0	0.0	0.5138
166	Streptococcus_sanguinis_H----3300009393_15_dnone_cov4_457_sorted_md_classic_n319781	319781	1.0	0.0	0.0	0.0	0.8915
167	Capnocytophaga_endodontalis----GCF_016807025.1_dnone_cov4_140_sorted_md_classic_n319121	319121	1.0	0.0	0.0	0.0	0.6873
168	JABCPE02_sp013333875----3300009363_33_dnone_cov4_421_sorted_md_classic_n319308	319308	1.0	0.0	0.0	0.0	0.5296
169	Capnocytophaga_leadbetteri----GCF_003054025.1_dnone_cov4_873_sorted_md_classic_n319662	319662	1.0	0.0	0.0	0.0	0.5206
170	Saccharimonas_sp905365145----GCA_905365145.1_dnone_cov4_978_sorted_md_classic_n319599	319599	1.0	0.0	0.0	0.0	0.3519
171	Abiotrophia_sp001815865----GCA_015259565.1_dnone_cov4_525_sorted_md_classic_n319202	319202	1.0	0.0	0.0	0.0	0.3349
172	Neisseria_sicca_E----GCF_000193735.1_dnone_cov4_778_sorted_md_classic_n318991	318991	1.0	0.0	0.0	0.0	0.536
173	Prevotella_saccharolytica----GCF_000614205.1_dnone_cov4_655_sorted_md_classic_n319164	319164	1.0	0.0	0.0	0.0	0.4971
174	CAJPSE01----3300014037_19_dnone_cov4_884_sorted_md_classic_n317576	317576	1.0	0.0	0.0	0.0	0.4596
175	CAJPSE01_sp003860125----GCF_003860125.1_dnone_cov4_169_sorted_md_classic_n319139	319139	1.0	0.0	0.0	0.0	0.3198
176	Aggregatibacter_kilianii----GCF_003252835.1_dnone_cov4_662_sorted_md_classic_n319422	319422	1.0	0.0	0.0	0.0	0.7484
177	RGIG7111----3300013748_2_dnone_cov4_84_sorted_md_classic_n319451	319451	1.0	0.0	0.0	0.0	0.1524
178	Olsenella_F_sp001189515----GCF_001189515.2_dnone_cov4_946_sorted_md_classic_n316986	316986	1.0	0.0	0.0	0.0	0.6058
179	Tannerella_sp003033925----3300006253_15_dnone_cov4_952_sorted_md_classic_n319223	319223	1.0	0.0	0.0	0.0	0.1589
180	Streptococcus_mitis_AZ----GCF_000146585.1_dnone_cov4_293_sorted_md_classic_n319306	319306	1.0	0.0	0.0	0.0	0.4003
181	JACPAU01_sp016180705----GCA_016193295.1_dnone_cov4_313_sorted_md_classic_n317936	317936	1.0	0.0	0.0	0.0	0.3047
182	Aggregatibacter_segnis_A----GCF_003130075.1_dnone_cov4_366_sorted_md_classic_n319432	319432	1.0	0.0	0.0	0.0	0.3088
183	Caudoviricetes_vOTU_01860831----IMGVR_UViG_3300008150_000003_dnone_cov4_388_sorted_md_classic_n319514	319514	1.0	0.0	0.0	0.0	0.6543
184	Capnocytophaga_sp905372595----3300008363_11_dnone_cov4_117_sorted_md_classic_n319827	319827	1.0	0.0	0.0	0.0	0.8205
185	Parvimonas_sp015257355----3300008436_19_dnone_cov4_681_sorted_md_classic_n319783	319783	1.0	0.0	0.0	0.0	0.4845
186	Nanosynbacter_sp013099195----GCA_013099195.1_dnone_cov4_836_sorted_md_classic_n319278	319278	1.0	0.0	0.0	0.0	0.4953
187	Abiotrophia_defectiva----GCF_013267415.1_dnone_cov4_949_sorted_md_classic_n319486	319486	1.0	0.0	0.0	0.0	0.3623
188	Nanosynbacter_sp010202115----GCA_010202115.1_dnone_cov4_736_sorted_md_classic_n319204	319204	1.0	0.0	0.0	0.0	0.066
189	Saccharimonas_sp905372095----GCA_015257615.1_dnone_cov4_240_sorted_md_classic_n319535	319535	1.0	0.0	0.0	0.0	0.4968
190	Mogibacterium_diversum----GCF_002998925.1_dnone_cov4_933_sorted_md_classic_n319758	319758	1.0	0.0	0.0	0.0	0.617
191	Porphyromonas_sp905372525----3300006292_13_dnone_cov4_935_sorted_md_classic_n318541	318541	1.0	0.0	0.0	0.0	0.5116
192	Nanosynbacter_sp013100825----GCA_013098515.1_dnone_cov4_832_sorted_md_classic_n319357	319357	1.0	0.0	0.0	0.0	0.8047
193	Nanosynbacter_sp005697565----GCA_005697565.1_dnone_cov4_43_sorted_md_classic_n319282	319282	1.0	0.0	0.0	0.0	0.3164
194	Streptococcus_cristatus_D----GCF_003943515.1_dnone_cov4_835_sorted_md_classic_n319563	319563	1.0	0.0	0.0	0.0	0.1623
195	Caudoviricetes_vOTU_08499669----IMGVR_UViG_3300008506_000329_dnone_cov4_327_sorted_md_classic_n319268	319268	1.0	0.0	0.0	0.0	0.4729
196	Peptostreptococcus_stomatis----GCF_000147675.1_dnone_cov4_599_sorted_md_classic_n319438	319438	1.0	0.0	0.0	0.0	0.483
197	W11650_sp002999035----GCA_002999035.1_dnone_cov4_989_sorted_md_classic_n319586	319586	1.0	0.0	0.0	0.0	0.8434
198	Campylobacter_B_sp905373295----GCA_905373295.1_dnone_cov4_915_sorted_md_classic_n319089	319089	1.0	0.0	0.0	0.0	0.433
199	Aggregatibacter_aphrophilus----GCF_003130125.1_dnone_cov4_128_sorted_md_classic_n319725	319725	1.0	0.0	0.0	0.0	0.5216
200	Actinomyces_oris_B----GCF_001929375.1_dnone_cov4_192_sorted_md_classic_n317599	317599	1.0	0.0	0.0	0.0	0.3107
201	Corynebacterium_durum----GCF_013410305.1_dnone_cov4_684_sorted_md_classic_n318903	318903	1.0	0.0	0.0	0.0	0.4478
202	Desulfobulbus_oralis----GCA_905373745.1_dnone_cov4_724_sorted_md_classic_n319239	319239	1.0	0.0	0.0	0.0	0.5319
203	Campylobacter_A_showae_E----GCF_900573985.1_dnone_cov4_232_sorted_md_classic_n319591	319591	1.0	0.0	0.0	0.0	0.6942
204	Tannerella----3300029201_14_dnone_cov4_918_sorted_md_classic_n318622	318622	1.0	0.0	0.0	0.0	0.5126
205	Veillonella_sp900552445----GCA_900552445.1_dnone_cov4_761_sorted_md_classic_n319673	319673	1.0	0.0	0.0	0.0	0.3479
206	Caudoviricetes_vOTU_01764778----IMGVR_UViG_3300007794_000005_dnone_cov4_194_sorted_md_classic_n319474	319474	1.0	0.0	0.0	0.0	0.473
207	Streptococcus_sanguinis----GCF_003942375.1_dnone_cov4_83_sorted_md_classic_n319046	319046	1.0	0.0	0.0	0.0	0.5536
208	Peptococcaceae----3300008275_23_dnone_cov4_930_sorted_md_classic_n319619	319619	1.0	0.0	0.0	0.0	0.3132
209	Capnocytophaga_leadbetteri----GCF_009730375.1_dnone_cov4_161_sorted_md_classic_n319738	319738	1.0	0.0	0.0	0.0	0.3398
210	JABCPE02----3300007527_15_dnone_cov4_524_sorted_md_classic_n319760	319760	1.0	0.0	0.0	0.0	0.413
211	Parvimonas_sp000223315----GCF_000223315.1_dnone_cov4_13_sorted_md_classic_n319879	319879	1.0	0.0	0.0	0.0	0.622
212	JABCPE02----3300007135_17_dnone_cov4_881_sorted_md_classic_n319641	319641	1.0	0.0	0.0	0.0	0.2529
213	Neisseria_sp000090875----GCF_005886145.1_dnone_cov4_155_sorted_md_classic_n318831	318831	1.0	0.0	0.0	0.0	0.305
214	Mogibacterium_diversum----3300008515_32_dnone_cov4_718_sorted_md_classic_n319590	319590	1.0	0.0	0.0	0.0	0.1937
215	Treponema_B_denticola----3300014786_19_dnone_cov4_322_sorted_md_classic_n319724	319724	1.0	0.0	0.0	0.0	0.5433
216	Dialister_invisus----GCA_015256225.1_dnone_cov4_261_sorted_md_classic_n319428	319428	1.0	0.0	0.0	0.0	0.5285
217	Nanosynbacter_sp013100805----GCA_013100805.1_dnone_cov4_846_sorted_md_classic_n319096	319096	1.0	0.0	0.0	0.0	0.2343
218	DUUL01----3300013744_5_dnone_cov4_121_sorted_md_classic_n319759	319759	1.0	0.0	0.0	0.0	0.5283
219	Lawsonella_clevelandensis_A----3300008325_5_dnone_cov4_448_sorted_md_classic_n318900	318900	1.0	0.0	0.0	0.0	0.3373
220	Arachnia_sp013333945----3300008089_8_dnone_cov4_512_sorted_md_classic_n319452	319452	1.0	0.0	0.0	0.0	0.8049
221	Streptococcus_gordonii----GCA_905373035.1_dnone_cov4_809_sorted_md_classic_n319188	319188	1.0	0.0	0.0	0.0	0.5935
222	Fretibacterium_fastidiosum----GCF_000210715.1_dnone_cov4_723_sorted_md_classic_n318340	318340	1.0	0.0	0.0	0.0	0.4006
223	Pauljensenia_odontolytica----GCF_900445025.1_dnone_cov4_29_sorted_md_classic_n317985	317985	1.0	0.0	0.0	0.0	0.3685
224	JABCPE02----3300011914_8_dnone_cov4_361_sorted_md_classic_n319691	319691	1.0	0.0	0.0	0.0	0.4397
225	Veillonella----3300029201_15_dnone_cov4_892_sorted_md_classic_n319190	319190	1.0	0.0	0.0	0.0	0.6105
226	HOT_345_sp003260355----GCA_003260355.1_dnone_cov4_818_sorted_md_classic_n319812	319812	1.0	0.0	0.0	0.0	0.6103
227	Neisseria_elongata----GCF_001061435.1_dnone_cov4_877_sorted_md_classic_n319549	319549	1.0	0.0	0.0	0.0	0.8341
228	Johnsonella_sp905373785----3300008506_7_dnone_cov4_628_sorted_md_classic_n319686	319686	1.0	0.0	0.0	0.0	0.7373
229	HOT_345_sp013333605----3300008486_51_dnone_cov4_700_sorted_md_classic_n319726	319726	1.0	0.0	0.0	0.0	0.7725
230	Nanosynbacter----3300008155_47_dnone_cov4_668_sorted_md_classic_n319085	319085	1.0	0.0	0.0	0.0	0.4524
231	Lautropia_mirabilis----3300007355_7_dnone_cov4_501_sorted_md_classic_n318877	318877	1.0	0.0	0.0	0.0	0.758
232	Veillonella_parvula_A----GCA_018374825.1_dnone_cov4_719_sorted_md_classic_n319466	319466	1.0	0.0	0.0	0.0	0.3887
233	F0058_sp000163695----3300007500_17_dnone_cov4_373_sorted_md_classic_n319466	319466	1.0	0.0	0.0	0.0	0.4687
234	Granulicatella_sp905371865----GCA_905371865.1_dnone_cov4_310_sorted_md_classic_n319664	319664	1.0	0.0	0.0	0.0	0.3759
235	Tannerella_sp003033925----GCF_001717525.2_dnone_cov4_152_sorted_md_classic_n319215	319215	1.0	0.0	0.0	0.0	0.3304
236	Brooklawnia_sp000413315----GCF_000413315.1_dnone_cov4_393_sorted_md_classic_n319059	319059	1.0	0.0	0.0	0.0	0.7146
237	Pauljensenia_meyeri----GCF_016127995.1_dnone_cov4_643_sorted_md_classic_n318952	318952	1.0	0.0	0.0	0.0	0.5594
238	Porphyromonas----3300006322_8_dnone_cov4_938_sorted_md_classic_n318888	318888	1.0	0.0	0.0	0.0	0.6951
239	Eikenella_corrodens----GCF_001815545.1_dnone_cov4_67_sorted_md_classic_n318261	318261	1.0	0.0	0.0	0.0	0.4526
240	Saccharimonas_sp010202265----GCA_010202265.1_dnone_cov4_769_sorted_md_classic_n319561	319561	1.0	0.0	0.0	0.0	0.3231
241	Streptococcus_cristatus_G----GCF_008369405.1_dnone_cov4_889_sorted_md_classic_n319457	319457	1.0	0.0	0.0	0.0	0.1163
242	Saccharimonas_sp015257665----GCA_015257665.1_dnone_cov4_865_sorted_md_classic_n319147	319147	1.0	0.0	0.0	0.0	0.7026
243	Campylobacter_A_showae_A----3300007125_11_dnone_cov4_887_sorted_md_classic_n319311	319311	1.0	0.0	0.0	0.0	0.6191
244	DUUL01----3300013743_2_dnone_cov4_413_sorted_md_classic_n319737	319737	1.0	0.0	0.0	0.0	0.5144
245	Eikenella_corrodens----GCF_001648265.1_dnone_cov4_145_sorted_md_classic_n319096	319096	1.0	0.0	0.0	0.0	0.0951
246	Streptococcus_sanguinis_C----GCF_000212815.1_dnone_cov4_380_sorted_md_classic_n319076	319076	1.0	0.0	0.0	0.0	0.5013
247	Streptococcus_constellatus----GCF_001072275.1_dnone_cov4_409_sorted_md_classic_n319323	319323	1.0	0.0	0.0	0.0	0.5072
248	Propionivibrio----3300029201_12_dnone_cov4_381_sorted_md_classic_n319181	319181	1.0	0.0	0.0	0.0	0.2898
249	F0058_sp000163695----GCA_000163695.1_dnone_cov4_283_sorted_md_classic_n319312	319312	1.0	0.0	0.0	0.0	0.3816
250	Capnocytophaga----3300008505_5_dnone_cov4_787_sorted_md_classic_n319775	319775	1.0	0.0	0.0	0.0	0.4721
251	Neisseria_elongata----GCF_001064935.1_dnone_cov4_480_sorted_md_classic_n319283	319283	1.0	0.0	0.0	0.0	0.6411
252	Saccharimonadales----3300008271_49_dnone_cov4_93_sorted_md_classic_n319536	319536	1.0	0.0	0.0	0.0	0.1796
253	Eubacterium_B_infirmum----GCA_900450455.1_dnone_cov4_669_sorted_md_classic_n319219	319219	1.0	0.0	0.0	0.0	0.5632
254	Lautropia_mirabilis----3300007997_5_dnone_cov4_836_sorted_md_classic_n318655	318655	1.0	0.0	0.0	0.0	0.4999
255	Aggregatibacter_aphrophilus----3300007317_13_dnone_cov4_185_sorted_md_classic_n319217	319217	1.0	0.0	0.0	0.0	0.5156
256	Capnocytophaga_ochracea----GCF_002998835.1_dnone_cov4_349_sorted_md_classic_n319244	319244	1.0	0.0	0.0	0.0	0.5225
257	Peptidiphaga_gingivicola----3300014024_12_dnone_cov4_322_sorted_md_classic_n319192	319192	1.0	0.0	0.0	0.0	0.4974
258	Mesocricetibacter_sp905373425----3300008486_13_dnone_cov4_120_sorted_md_classic_n319315	319315	1.0	0.0	0.0	0.0	0.4113
259	Abiotrophia_defectiva----GCA_905373775.1_dnone_cov4_328_sorted_md_classic_n318868	318868	1.0	0.0	0.0	0.0	0.5347
260	Streptococcus_sanguinis----3300008635_18_dnone_cov4_786_sorted_md_classic_n319499	319499	1.0	0.0	0.0	0.0	0.3317
261	Tannerella_sp003033925----3300008490_4_dnone_cov4_317_sorted_md_classic_n318333	318333	1.0	0.0	0.0	0.0	0.3639
262	Campylobacter_B----3300008089_11_dnone_cov4_379_sorted_md_classic_n319212	319212	1.0	0.0	0.0	0.0	0.213
263	Granulicatella_adiacens----GCF_000160675.1_dnone_cov4_637_sorted_md_classic_n319393	319393	1.0	0.0	0.0	0.0	0.5266
264	Caudoviricetes_vOTU_07948106----IMGVR_UViG_3300045988_149939_dnone_cov4_665_sorted_md_classic_n318749	318749	1.0	0.0	0.0	0.0	0.5293
265	CAJPNN01_sp905372035----GCA_905372035.1_dnone_cov4_60_sorted_md_classic_n319289	319289	1.0	0.0	0.0	0.0	0.5664
266	Capnocytophaga_leadbetteri----3300008680_17_dnone_cov4_289_sorted_md_classic_n319325	319325	1.0	0.0	0.0	0.0	0.3389
267	Campylobacter_A_rectus----GCF_004803795.1_dnone_cov4_150_sorted_md_classic_n319445	319445	1.0	0.0	0.0	0.0	0.6794
268	Pauljensenia_cardiffensis----GCA_905373095.1_dnone_cov4_639_sorted_md_classic_n318007	318007	1.0	0.0	0.0	0.0	0.5285
269	Abiotrophia_defectiva----3300008074_6_dnone_cov4_189_sorted_md_classic_n319585	319585	1.0	0.0	0.0	0.0	0.286
270	AR31_sp003221655----GCA_003221655.1_dnone_cov4_71_sorted_md_classic_n317203	317203	1.0	0.0	0.0	0.0	0.523
271	Pauljensenia_sp000185285----GCF_000185285.1_dnone_cov4_71_sorted_md_classic_n317455	317455	1.0	0.0	0.0	0.0	0.4832
272	Prevotella_loescheii----GCF_000698925.1_dnone_cov4_903_sorted_md_classic_n319312	319312	1.0	0.0	0.0	0.0	0.3432
273	Aggregatibacter_kilianii----3300007997_28_dnone_cov4_206_sorted_md_classic_n319552	319552	1.0	0.0	0.0	0.0	0.5333
274	Leptotrichia_A_sp905371725----3300007126_16_dnone_cov4_707_sorted_md_classic_n319548	319548	1.0	0.0	0.0	0.0	0.5284
275	Saccharimonas_sp015257605----3300006744_14_dnone_cov4_969_sorted_md_classic_n318718	318718	1.0	0.0	0.0	0.0	0.5171
276	Gemella_morbillorum----3300008271_20_dnone_cov4_331_sorted_md_classic_n319603	319603	1.0	0.0	0.0	0.0	0.5431
277	Caudoviricetes_vOTU_07933657----IMGVR_UViG_3300045988_030836_dnone_cov4_527_sorted_md_classic_n319045	319045	1.0	0.0	0.0	0.0	0.4683
278	Capnocytophaga_gingivalis----3300008638_8_dnone_cov4_937_sorted_md_classic_n319715	319715	1.0	0.0	0.0	0.0	0.3886
279	Lachnospiraceae----3300006253_18_dnone_cov4_622_sorted_md_classic_n319470	319470	1.0	0.0	0.0	0.0	0.4082
280	Nanoperiomorbus----3300029201_21_dnone_cov4_412_sorted_md_classic_n319432	319432	1.0	0.0	0.0	0.0	0.4911
281	Porphyromonas----3300006479_20_dnone_cov4_610_sorted_md_classic_n318838	318838	1.0	0.0	0.0	0.0	0.601
282	Parvimonas_micra----GCA_905373815.1_dnone_cov4_48_sorted_md_classic_n319563	319563	1.0	0.0	0.0	0.0	0.7722
283	Streptococcus_sanguinis_A----GCF_000212855.1_dnone_cov4_144_sorted_md_classic_n319540	319540	1.0	0.0	0.0	0.0	0.6784
284	Arachnia_propionica----3300007500_5_dnone_cov4_889_sorted_md_classic_n318503	318503	1.0	0.0	0.0	0.0	0.0838
285	F0058_sp000163695----3300008614_3_dnone_cov4_553_sorted_md_classic_n319449	319449	1.0	0.0	0.0	0.0	0.1551
286	Eikenella_corrodens----GCF_002204395.1_dnone_cov4_122_sorted_md_classic_n318675	318675	1.0	0.0	0.0	0.0	0.3474
287	Streptococcus_australis_A----GCF_901543175.1_dnone_cov4_928_sorted_md_classic_n319628	319628	1.0	0.0	0.0	0.0	0.6451
288	JABCPE02----3300008680_19_dnone_cov4_883_sorted_md_classic_n319746	319746	1.0	0.0	0.0	0.0	0.4836
289	Treponema_B_denticola----GCF_000340725.1_dnone_cov4_883_sorted_md_classic_n319717	319717	1.0	0.0	0.0	0.0	0.4565
290	Lautropia_mirabilis----3300009381_5_dnone_cov4_532_sorted_md_classic_n317349	317349	1.0	0.0	0.0	0.0	0.4434
291	Peptococcaceae----3300008275_23_dmid_cov4_803_sorted_md_classic_n315322	315322	0.0	1.0	0.0	0.0	0.6939
292	Capnocytophaga_leadbetteri----GCF_003054025.1_dmid_cov4_615_sorted_md_classic_n315415	315415	0.0	1.0	0.0	0.0	0.602
293	Caudoviricetes_vOTU_08492884----IMGVR_UViG_3300007314_000230_dmid_cov4_350_sorted_md_classic_n318193	318193	0.0	1.0	0.0	0.0	0.4639
294	Campylobacter_A----3300014026_15_dmid_cov4_799_sorted_md_classic_n313011	313011	0.0	1.0	0.0	0.0	0.4003
295	Nanoperiomorbus_sp905365345----GCA_905365345.1_dmid_cov4_356_sorted_md_classic_n306119	306119	0.0	1.0	0.0	0.0	0.7798
296	CAJPSE01_sp003860125----GCF_003860125.1_dmid_cov4_347_sorted_md_classic_n306618	306618	0.0	1.0	0.0	0.0	0.7879
297	Nanoperiomorbus----3300029201_21_dmid_cov4_305_sorted_md_classic_n313294	313294	0.0	1.0	0.0	0.0	0.6986
298	Arachnia----3300008682_3_dmid_cov4_325_sorted_md_classic_n304014	304014	0.0	1.0	0.0	0.0	0.6844
299	Streptococcus_cristatus_B----GCF_900478185.1_dmid_cov4_913_sorted_md_classic_n313726	313726	0.0	1.0	0.0	0.0	0.7177
300	Nanosynbacter_sp900556885----GCA_900556885.1_dmid_cov4_563_sorted_md_classic_n316212	316212	0.0	1.0	0.0	0.0	0.7285
301	Caudoviricetes_vOTU_00687512----IMGVR_UViG_3300007940_000002_dmid_cov4_791_sorted_md_classic_n317357	317357	0.0	1.0	0.0	0.0	0.8372
302	Neisseria_sp000090875----GCF_005886145.1_dmid_cov4_885_sorted_md_classic_n308030	308030	0.0	1.0	0.0	0.0	0.6732
303	CAJPNN01_sp905372035----GCA_905372035.1_dmid_cov4_262_sorted_md_classic_n315947	315947	0.0	1.0	0.0	0.0	0.9013
304	Treponema_B_denticola----3300014786_19_dmid_cov4_8_sorted_md_classic_n315635	315635	0.0	1.0	0.0	0.0	0.66
305	Prevotella_loescheii----GCF_000698925.1_dmid_cov4_217_sorted_md_classic_n310241	310241	0.0	1.0	0.0	0.0	0.758
306	Abiotrophia_sp001815865----GCF_001815865.1_dmid_cov4_98_sorted_md_classic_n311259	311259	0.0	1.0	0.0	0.0	0.8364
307	Aggregatibacter_segnis_A----GCF_003130075.1_dmid_cov4_922_sorted_md_classic_n314065	314065	0.0	1.0	0.0	0.0	0.9063
308	Campylobacter_B_sp905373295----GCA_905373295.1_dmid_cov4_703_sorted_md_classic_n314040	314040	0.0	1.0	0.0	0.0	0.4396
309	Nanosynbacter_sp013100805----GCA_013100805.1_dmid_cov4_218_sorted_md_classic_n311223	311223	0.0	1.0	0.0	0.0	0.6664
310	Veillonella_parvula_A----GCA_018374825.1_dmid_cov4_423_sorted_md_classic_n316650	316650	0.0	1.0	0.0	0.0	0.6389
311	Capnocytophaga_leadbetteri----GCF_009730375.1_dmid_cov4_818_sorted_md_classic_n315366	315366	0.0	1.0	0.0	0.0	0.4536
312	Johnsonella_ignava----GCF_000235445.1_dmid_cov4_67_sorted_md_classic_n317185	317185	0.0	1.0	0.0	0.0	0.5039
313	Arachnia_sp013333945----3300008089_8_dmid_cov4_25_sorted_md_classic_n303740	303740	0.0	1.0	0.0	0.0	0.814
314	Treponema_B_denticola----GCF_000340725.1_dmid_cov4_8_sorted_md_classic_n316014	316014	0.0	1.0	0.0	0.0	0.6551
315	Fusobacterium_hwasookii----GCF_000455905.1_dmid_cov4_511_sorted_md_classic_n318101	318101	0.0	1.0	0.0	0.0	0.7084
316	Nanosynbacter----3300007500_39_dmid_cov4_944_sorted_md_classic_n309533	309533	0.0	1.0	0.0	0.0	0.7166
317	Campylobacter_A_showae_B----GCF_000344295.2_dmid_cov4_670_sorted_md_classic_n312946	312946	0.0	1.0	0.0	0.0	0.715
318	Streptococcus_sp002355895----GCF_002355895.1_dmid_cov4_114_sorted_md_classic_n314865	314865	0.0	1.0	0.0	0.0	0.6948
319	Capnocytophaga_gingivalis----GCF_002302415.1_dmid_cov4_58_sorted_md_classic_n316695	316695	0.0	1.0	0.0	0.0	0.7137
320	Neisseria_sicca_A----3300006253_12_dmid_cov4_945_sorted_md_classic_n309460	309460	0.0	1.0	0.0	0.0	0.5451
321	Catonella_morbi----3300008650_4_dmid_cov4_364_sorted_md_classic_n315313	315313	0.0	1.0	0.0	0.0	0.4802
322	Saccharimonas_sp905372095----GCA_015257615.1_dmid_cov4_239_sorted_md_classic_n313833	313833	0.0	1.0	0.0	0.0	0.5502
323	Veillonella_parvula_A----GCF_001553335.1_dmid_cov4_996_sorted_md_classic_n314996	314996	0.0	1.0	0.0	0.0	0.5539
324	Lawsonella_clevelandensis_A----3300008325_5_dmid_cov4_781_sorted_md_classic_n311362	311362	0.0	1.0	0.0	0.0	0.6911
325	Fusobacterium----3300008483_6_dmid_cov4_341_sorted_md_classic_n317848	317848	0.0	1.0	0.0	0.0	0.74
326	Saccharimonas_sp013333625----3300008454_35_dmid_cov4_675_sorted_md_classic_n314460	314460	0.0	1.0	0.0	0.0	0.6165
327	Neisseria_elongata----GCA_905372735.1_dmid_cov4_628_sorted_md_classic_n310529	310529	0.0	1.0	0.0	0.0	0.5556
328	JABCPE02----3300007135_17_dmid_cov4_128_sorted_md_classic_n316866	316866	0.0	1.0	0.0	0.0	0.5329
329	JABCPE02----3300011914_8_dmid_cov4_375_sorted_md_classic_n315359	315359	0.0	1.0	0.0	0.0	0.6702
330	Porphyromonas_catoniae----3300007732_16_dmid_cov4_692_sorted_md_classic_n312181	312181	0.0	1.0	0.0	0.0	0.6075
331	Actinomyces_dentalis----GCF_000429225.1_dmid_cov4_632_sorted_md_classic_n300867	300867	0.0	1.0	0.0	0.0	0.9482
332	Cardiobacterium_valvarum----GCF_902388165.1_dmid_cov4_870_sorted_md_classic_n308643	308643	0.0	1.0	0.0	0.0	0.3648
333	Porphyromonas_catoniae----3300007925_24_dmid_cov4_310_sorted_md_classic_n312468	312468	0.0	1.0	0.0	0.0	0.6339
334	Pauljensenia_sp000185285----GCF_000185285.1_dmid_cov4_637_sorted_md_classic_n308815	308815	0.0	1.0	0.0	0.0	0.762
335	JABCPE02_sp013333875----3300006292_25_dmid_cov4_569_sorted_md_classic_n317277	317277	0.0	1.0	0.0	0.0	0.4534
336	Fretibacterium_fastidiosum----GCA_905372005.1_dmid_cov4_427_sorted_md_classic_n300014	300014	0.0	1.0	0.0	0.0	0.4216
337	Mogibacterium_diversum----3300008515_32_dmid_cov4_321_sorted_md_classic_n313993	313993	0.0	1.0	0.0	0.0	0.5296
338	Parvimonas_sp015257355----3300006328_11_dmid_cov4_804_sorted_md_classic_n317390	317390	0.0	1.0	0.0	0.0	0.8418
339	JACPAU01_sp016180705----GCA_016193295.1_dmid_cov4_12_sorted_md_classic_n299809	299809	0.0	1.0	0.0	0.0	0.6242
340	Streptococcus_sp902460355----GCF_902460355.1_dmid_cov4_882_sorted_md_classic_n315677	315677	0.0	1.0	0.0	0.0	0.6533
341	Pauljensenia_cardiffensis----GCF_016405145.1_dmid_cov4_247_sorted_md_classic_n312299	312299	0.0	1.0	0.0	0.0	1.0
342	Johnsonella_sp905373785----3300008506_7_dmid_cov4_992_sorted_md_classic_n315821	315821	0.0	1.0	0.0	0.0	0.8577
343	Abiotrophia_defectiva----GCF_013267415.1_dmid_cov4_71_sorted_md_classic_n314240	314240	0.0	1.0	0.0	0.0	0.8029
344	Pauljensenia_meyeri----GCF_016127995.1_dmid_cov4_253_sorted_md_classic_n302848	302848	0.0	1.0	0.0	0.0	0.5048
345	Caudoviricetes_vOTU_02625324----IMGVR_UViG_3300045988_120546_dmid_cov4_865_sorted_md_classic_n316682	316682	0.0	1.0	0.0	0.0	0.5111
346	Saccharimonas----3300007500_34_dmid_cov4_49_sorted_md_classic_n309248	309248	0.0	1.0	0.0	0.0	0.602
347	Porphyromonas----3300006479_20_dmid_cov4_163_sorted_md_classic_n312306	312306	0.0	1.0	0.0	0.0	0.82
348	Streptococcus_sinensis----GCF_000767835.1_dmid_cov4_629_sorted_md_classic_n314426	314426	0.0	1.0	0.0	0.0	0.5653
349	Fusobacterium_canifelinum----GCF_003859915.1_dmid_cov4_448_sorted_md_classic_n318728	318728	0.0	1.0	0.0	0.0	0.5827
350	Saccharimonas_sp905372275----GCA_905372275.1_dmid_cov4_488_sorted_md_classic_n312043	312043	0.0	1.0	0.0	0.0	0.6713
351	Campylobacter_A_showae_E----GCF_900573985.1_dmid_cov4_222_sorted_md_classic_n314460	314460	0.0	1.0	0.0	0.0	0.7459
352	HOT_345_sp003260355----3300011980_33_dmid_cov4_220_sorted_md_classic_n316122	316122	0.0	1.0	0.0	0.0	0.9222
353	Actinomyces_oris----GCA_002860635.1_dmid_cov4_529_sorted_md_classic_n304946	304946	0.0	1.0	0.0	0.0	0.6641
354	JABCPE02----3300008680_19_dmid_cov4_998_sorted_md_classic_n316601	316601	0.0	1.0	0.0	0.0	0.5367
355	HOT_345_sp013333605----3300008486_51_dmid_cov4_901_sorted_md_classic_n316522	316522	0.0	1.0	0.0	0.0	0.5244
356	Caudoviricetes_vOTU_01948966----IMGVR_UViG_3300008635_000001_dmid_cov4_985_sorted_md_classic_n316894	316894	0.0	1.0	0.0	0.0	0.8553
357	Eikenella_corrodens_B----GCF_003990355.1_dmid_cov4_674_sorted_md_classic_n308714	308714	0.0	1.0	0.0	0.0	0.4665
358	Campylobacter_A_showae_A----3300007125_11_dmid_cov4_333_sorted_md_classic_n312839	312839	0.0	1.0	0.0	0.0	0.6275
359	Streptococcus_sanguinis_H----GCF_003943715.1_dmid_cov4_905_sorted_md_classic_n314870	314870	0.0	1.0	0.0	0.0	0.5098
360	F0058_sp000163695----3300007500_17_dmid_cov4_285_sorted_md_classic_n314170	314170	0.0	1.0	0.0	0.0	0.6832
361	Streptococcus_sanguinis_H----3300009393_15_dmid_cov4_746_sorted_md_classic_n313889	313889	0.0	1.0	0.0	0.0	0.4307
362	Arachnia_propionica----3300007500_5_dmid_cov4_504_sorted_md_classic_n301497	301497	0.0	1.0	0.0	0.0	0.6032
363	Capnocytophaga_sputigena----GCF_002302495.1_dmid_cov4_552_sorted_md_classic_n316398	316398	0.0	1.0	0.0	0.0	0.6673
364	Streptococcus_australis_A----GCF_901543175.1_dmid_cov4_761_sorted_md_classic_n312694	312694	0.0	1.0	0.0	0.0	0.8926
365	Saccharimonas_sp010202265----GCA_010202265.1_dmid_cov4_664_sorted_md_classic_n311244	311244	0.0	1.0	0.0	0.0	0.4532
366	Capnocytophaga_sputigena----GCF_002302595.1_dmid_cov4_997_sorted_md_classic_n316875	316875	0.0	1.0	0.0	0.0	0.6017
367	Saccharimonas_sp015257665----GCA_015257665.1_dmid_cov4_445_sorted_md_classic_n313796	313796	0.0	1.0	0.0	0.0	0.7424
368	HOT_345_sp003260355----GCA_003260355.1_dmid_cov4_927_sorted_md_classic_n317328	317328	0.0	1.0	0.0	0.0	0.579
369	Nanoperiomorbus_sp013333515----GCA_013333515.2_dmid_cov4_915_sorted_md_classic_n311930	311930	0.0	1.0	0.0	0.0	0.6238
370	Aggregatibacter_aphrophilus----GCF_900478265.1_dmid_cov4_592_sorted_md_classic_n314826	314826	0.0	1.0	0.0	0.0	0.8484
371	Streptococcus_cristatus_C----GCF_001589115.1_dmid_cov4_705_sorted_md_classic_n313796	313796	0.0	1.0	0.0	0.0	0.8315
372	CAJPSE01----3300014037_19_dmid_cov4_901_sorted_md_classic_n306042	306042	0.0	1.0	0.0	0.0	0.7159
373	Saccharimonas_sp010202265----3300007368_40_dmid_cov4_391_sorted_md_classic_n312113	312113	0.0	1.0	0.0	0.0	0.7199
374	Streptococcus_sanguinis_C----GCF_000212815.1_dmid_cov4_383_sorted_md_classic_n314136	314136	0.0	1.0	0.0	0.0	0.5252
375	Streptococcus_sanguinis----GCF_003942375.1_dmid_cov4_879_sorted_md_classic_n316912	316912	0.0	1.0	0.0	0.0	0.8248
376	Leptotrichia_A_sp001274535----GCF_001274535.1_dmid_cov4_683_sorted_md_classic_n318087	318087	0.0	1.0	0.0	0.0	0.6854
377	Granulicatella----3300008155_16_dmid_cov4_205_sorted_md_classic_n315136	315136	0.0	1.0	0.0	0.0	0.6331
378	Dialister_invisus----GCA_015256225.1_dmid_cov4_12_sorted_md_classic_n313118	313118	0.0	1.0	0.0	0.0	0.6022
379	F0058_sp905372135----GCA_905372135.1_dmid_cov4_610_sorted_md_classic_n313554	313554	0.0	1.0	0.0	0.0	0.2516
380	JABCPE02----3300007527_15_dmid_cov4_984_sorted_md_classic_n317279	317279	0.0	1.0	0.0	0.0	0.6108
381	Saccharimonas_sp015257605----3300006744_14_dmid_cov4_626_sorted_md_classic_n314158	314158	0.0	1.0	0.0	0.0	0.4872
382	Streptococcus_gordonii----3300011928_5_dmid_cov4_980_sorted_md_classic_n315362	315362	0.0	1.0	0.0	0.0	0.6514
383	Streptococcus_sanguinis----3300008635_18_dmid_cov4_914_sorted_md_classic_n316696	316696	0.0	1.0	0.0	0.0	0.6351
384	W11650_sp002999035----GCA_002999035.1_dmid_cov4_127_sorted_md_classic_n312706	312706	0.0	1.0	0.0	0.0	0.5255
385	Capnocytophaga_leadbetteri----3300008680_17_dmid_cov4_737_sorted_md_classic_n313320	313320	0.0	1.0	0.0	0.0	0.7679
386	Treponema_D_buccale----3300007527_7_dmid_cov4_811_sorted_md_classic_n312897	312897	0.0	1.0	0.0	0.0	0.7913
387	Streptococcus_pseudopneumoniae_J----GCF_001074565.1_dmid_cov4_195_sorted_md_classic_n316410	316410	0.0	1.0	0.0	0.0	0.5455
388	Streptococcus_oralis_O----GCF_001579175.1_dmid_cov4_975_sorted_md_classic_n315747	315747	0.0	1.0	0.0	0.0	0.6472
389	Aggregatibacter_aphrophilus----3300007317_13_dmid_cov4_179_sorted_md_classic_n316176	316176	0.0	1.0	0.0	0.0	0.7284
390	DUUL01----3300013744_5_dmid_cov4_4_sorted_md_classic_n316985	316985	0.0	1.0	0.0	0.0	0.7004
391	Nanosynbacter_sp013100825----GCA_013098515.1_dmid_cov4_853_sorted_md_classic_n310817	310817	0.0	1.0	0.0	0.0	0.607
392	Lautropia_mirabilis----3300007997_5_dmid_cov4_226_sorted_md_classic_n303887	303887	0.0	1.0	0.0	0.0	0.6569
393	Porphyromonas----3300008159_22_dmid_cov4_717_sorted_md_classic_n308583	308583	0.0	1.0	0.0	0.0	0.6155
394	Neisseria_elongata----GCF_001061435.1_dmid_cov4_654_sorted_md_classic_n311807	311807	0.0	1.0	0.0	0.0	0.7763
395	AR31_sp003221655----GCA_003221655.1_dmid_cov4_231_sorted_md_classic_n307408	307408	0.0	1.0	0.0	0.0	0.9058
396	Lautropia_mirabilis----3300007100_5_dmid_cov4_172_sorted_md_classic_n309108	309108	0.0	1.0	0.0	0.0	0.8442
397	Neisseria_elongata----GCF_001064935.1_dmid_cov4_889_sorted_md_classic_n310932	310932	0.0	1.0	0.0	0.0	0.4292
398	Capnocytophaga----3300007925_18_dmid_cov4_36_sorted_md_classic_n316666	316666	0.0	1.0	0.0	0.0	0.7464
399	Nanosynbacter_sp013099015----GCA_013099015.1_dmid_cov4_785_sorted_md_classic_n308672	308672	0.0	1.0	0.0	0.0	0.8382
400	Eikenella_exigua----GCF_001648505.1_dmid_cov4_478_sorted_md_classic_n310030	310030	0.0	1.0	0.0	0.0	0.5549
401	JACPRY01----3300027561_4_dmid_cov4_767_sorted_md_classic_n302975	302975	0.0	1.0	0.0	0.0	0.5039
402	Slackia_exigua----GCF_000162875.1_dmid_cov4_797_sorted_md_classic_n302904	302904	0.0	1.0	0.0	0.0	0.5475
403	Caudoviricetes_vOTU_08499669----IMGVR_UViG_3300008506_000329_dmid_cov4_729_sorted_md_classic_n314780	314780	0.0	1.0	0.0	0.0	0.6064
404	Corynebacterium_durum----3300008161_14_dmid_cov4_645_sorted_md_classic_n311477	311477	0.0	1.0	0.0	0.0	0.5123
405	Parvimonas_sp000223315----GCF_000223315.1_dmid_cov4_194_sorted_md_classic_n318312	318312	0.0	1.0	0.0	0.0	0.4081
406	Eubacterium_B_infirmum----GCA_900450455.1_dmid_cov4_204_sorted_md_classic_n314217	314217	0.0	1.0	0.0	0.0	0.7548
407	Lautropia_mirabilis----3300009381_5_dmid_cov4_371_sorted_md_classic_n299909	299909	0.0	1.0	0.0	0.0	0.5129
408	RGIG7111----3300013748_2_dmid_cov4_395_sorted_md_classic_n312101	312101	0.0	1.0	0.0	0.0	0.6648
409	Eikenella_corrodens----3300008638_25_dmid_cov4_576_sorted_md_classic_n310433	310433	0.0	1.0	0.0	0.0	0.7464
410	Johnsonella_sp900766185----GCA_900766185.1_dmid_cov4_272_sorted_md_classic_n316816	316816	0.0	1.0	0.0	0.0	0.6848
411	Mesocricetibacter_sp905373425----3300008486_13_dmid_cov4_799_sorted_md_classic_n314839	314839	0.0	1.0	0.0	0.0	0.4226
412	Neisseria_mucosa_A----GCF_007667125.1_dmid_cov4_88_sorted_md_classic_n309282	309282	0.0	1.0	0.0	0.0	0.8563
413	Peptoanaerobacter----3300011925_4_dmid_cov4_966_sorted_md_classic_n316979	316979	0.0	1.0	0.0	0.0	0.7734
414	Capnocytophaga----3300008505_5_dmid_cov4_976_sorted_md_classic_n317000	317000	0.0	1.0	0.0	0.0	0.7057
415	Gemella_morbillorum----GCA_015255285.1_dmid_cov4_171_sorted_md_classic_n318018	318018	0.0	1.0	0.0	0.0	0.8198
416	Aggregatibacter----3300006348_4_dmid_cov4_275_sorted_md_classic_n314190	314190	0.0	1.0	0.0	0.0	0.7758
417	Saccharimonadales----3300008271_49_dmid_cov4_267_sorted_md_classic_n315395	315395	0.0	1.0	0.0	0.0	0.6551
418	Porphyromonas_catoniae----3300008160_9_dmid_cov4_375_sorted_md_classic_n309395	309395	0.0	1.0	0.0	0.0	0.5476
419	Parvimonas_micra----GCA_905373815.1_dmid_cov4_779_sorted_md_classic_n318318	318318	0.0	1.0	0.0	0.0	0.5234
420	Aggregatibacter_segnis----GCF_000185305.1_dmid_cov4_451_sorted_md_classic_n315869	315869	0.0	1.0	0.0	0.0	0.5517
421	JABCPE02_sp013333875----3300007347_9_dmid_cov4_990_sorted_md_classic_n317010	317010	0.0	1.0	0.0	0.0	0.5621
422	Caudoviricetes_vOTU_08494529----IMGVR_UViG_2512047071_000003_dmid_cov4_414_sorted_md_classic_n317199	317199	0.0	1.0	0.0	0.0	0.3117
423	Capnocytophaga_sp905372595----3300008363_11_dmid_cov4_507_sorted_md_classic_n314903	314903	0.0	1.0	0.0	0.0	0.6151
424	Neisseria_elongata----GCF_003044725.1_dmid_cov4_917_sorted_md_classic_n309226	309226	0.0	1.0	0.0	0.0	0.7483
425	Peptidiphaga_gingivicola----3300014024_12_dmid_cov4_284_sorted_md_classic_n308329	308329	0.0	1.0	0.0	0.0	0.8304
426	Micrococcus_luteus----GCF_900163885.1_dmid_cov4_604_sorted_md_classic_n298922	298922	0.0	1.0	0.0	0.0	0.6039
427	Palsa_1315_sp005887945----GCA_005887945.1_dmid_cov4_960_sorted_md_classic_n312430	312430	0.0	1.0	0.0	0.0	0.8804
428	Selenomonas_sputigena----GCF_000208405.1_dmid_cov4_20_sorted_md_classic_n308339	308339	0.0	1.0	0.0	0.0	0.7746
429	Lachnoanaerobaculum_sp000209465----GCA_000209465.1_dmid_cov4_925_sorted_md_classic_n316277	316277	0.0	1.0	0.0	0.0	0.6187
430	Streptococcus_mitis_AZ----GCF_000146585.1_dmid_cov4_920_sorted_md_classic_n314421	314421	0.0	1.0	0.0	0.0	0.8426
431	Campylobacter_A_rectus----GCF_004803795.1_dmid_cov4_705_sorted_md_classic_n312646	312646	0.0	1.0	0.0	0.0	0.7886
432	Aggregatibacter_aphrophilus----GCF_003130125.1_dmid_cov4_399_sorted_md_classic_n315095	315095	0.0	1.0	0.0	0.0	0.595
433	Capnocytophaga----3300007500_13_dmid_cov4_144_sorted_md_classic_n315651	315651	0.0	1.0	0.0	0.0	0.5596
434	Corynebacterium----3300011925_6_dmid_cov4_581_sorted_md_classic_n305385	305385	0.0	1.0	0.0	0.0	0.3643
435	Nanosynbacter_sp905373315----3300006498_46_dmid_cov4_425_sorted_md_classic_n313434	313434	0.0	1.0	0.0	0.0	0.6219
436	Campylobacter_A_showae_A----3300007125_11_dhigh_cov4_71_sorted_md_classic_n272516	272516	0.0	0.0	1.0	0.0	0.8907
437	Lautropia_mirabilis----3300007121_16_dhigh_cov4_462_sorted_md_classic_n253583	253583	0.0	0.0	1.0	0.0	0.9003
438	Eikenella_exigua----GCF_001648505.1_dhigh_cov4_264_sorted_md_classic_n224918	224918	0.0	0.0	1.0	0.0	0.4386
439	Nanosynbacter----3300007500_39_dhigh_cov4_72_sorted_md_classic_n247452	247452	0.0	0.0	1.0	0.0	0.617
440	Palsa_1315_sp005887945----GCA_005887945.1_dhigh_cov4_865_sorted_md_classic_n252002	252002	0.0	0.0	1.0	0.0	0.3246
441	Streptococcus_cristatus_B----GCF_900478185.1_dhigh_cov4_74_sorted_md_classic_n281504	281504	0.0	0.0	1.0	0.0	0.5201
442	Corynebacterium----3300011925_6_dhigh_cov4_669_sorted_md_classic_n234160	234160	0.0	0.0	1.0	0.0	0.4589
443	Hornefia_nodata----GCA_000510425.1_dhigh_cov4_777_sorted_md_classic_n278939	278939	0.0	0.0	1.0	0.0	0.7738
444	Neisseria_elongata----GCF_001061435.1_dhigh_cov4_723_sorted_md_classic_n275253	275253	0.0	0.0	1.0	0.0	0.6044
445	Saccharimonas_sp013333625----3300007646_39_dhigh_cov4_382_sorted_md_classic_n249742	249742	0.0	0.0	1.0	0.0	0.5712
446	Aggregatibacter_aphrophilus----GCF_900478265.1_dhigh_cov4_497_sorted_md_classic_n283373	283373	0.0	0.0	1.0	0.0	0.8987
447	JABCPE02----3300007135_17_dhigh_cov4_896_sorted_md_classic_n296642	296642	0.0	0.0	1.0	0.0	0.5112
448	Saccharimonas_sp905372095----3300011974_41_dhigh_cov4_795_sorted_md_classic_n295965	295965	0.0	0.0	1.0	0.0	0.5073
449	Caudoviricetes_vOTU_01860831----IMGVR_UViG_3300008150_000003_dhigh_cov4_520_sorted_md_classic_n263856	263856	0.0	0.0	1.0	0.0	0.4759
450	Capnocytophaga_leadbetteri----3300008680_17_dhigh_cov4_744_sorted_md_classic_n282207	282207	0.0	0.0	1.0	0.0	1.0
451	Desulfomicrobium_orale----GCF_001553625.1_dhigh_cov4_426_sorted_md_classic_n224991	224991	0.0	0.0	1.0	0.0	0.4945
452	Lautropia_mirabilis----3300009381_5_dhigh_cov4_676_sorted_md_classic_n224686	224686	0.0	0.0	1.0	0.0	0.6515
453	Porphyromonas----3300006322_8_dhigh_cov4_712_sorted_md_classic_n257440	257440	0.0	0.0	1.0	0.0	0.6694
454	JABCPE02----3300007500_21_dhigh_cov4_998_sorted_md_classic_n285800	285800	0.0	0.0	1.0	0.0	0.7421
455	Caudoviricetes_vOTU_02822916----IMGVR_UViG_3300013744_000001_dhigh_cov4_927_sorted_md_classic_n281623	281623	0.0	0.0	1.0	0.0	0.5526
456	Porphyromonas----3300008159_22_dhigh_cov4_404_sorted_md_classic_n221903	221903	0.0	0.0	0.9999	0.0001	0.2622
457	Leptotrichia_A_sp905371725----3300007126_16_dhigh_cov4_661_sorted_md_classic_n294794	294794	0.0	0.0	0.9995	0.0005	0.5553
458	Caudoviricetes_vOTU_01861610----IMGVR_UViG_3300008159_000002_dhigh_cov4_188_sorted_md_classic_n305577	305577	0.0	0.0	0.9989	0.0011	0.2532
459	Lachnospiraceae----3300006253_18_dhigh_cov4_626_sorted_md_classic_n275614	275614	0.0	0.0	0.998	0.002	0.6623
460	Fusobacterium_hwasookii----GCF_001455145.1_dhigh_cov4_147_sorted_md_classic_n289465	289465	0.0	0.0	0.0	1.0	0.9492
461	Peptoanaerobacter_yurii----3300008650_8_dhigh_cov4_815_sorted_md_classic_n282941	282941	0.0	0.0	0.0001	0.9999	0.7621
462	Parvimonas_sp015257355----3300006328_11_dhigh_cov4_834_sorted_md_classic_n298487	298487	0.0	0.0	0.0001	0.9999	0.5883
463	JABCPE02_sp013333255----3300008153_9_dhigh_cov4_267_sorted_md_classic_n276819	276819	0.0	0.0	0.0005	0.9995	0.6419
464	Treponema_B_denticola----3300014786_19_dhigh_cov4_98_sorted_md_classic_n263115	263115	0.0	0.0	0.0009	0.9991	1.0
